SPA;Ruling Cabinet - Start;Name;Start Year;End Year;Ideology;Personality;Loyalty;Picturename;X
;Replacements;;;;;;;;X
35001;Head of State;Miguel Cabanellas Ferrer;1933;1964;FA;Resigned Generalissimo;High;M10001;X
35002;Head of Government;Fidel Dávila Arrondo;1933;1964;FA;Political Protege;High;M10002;X
35003;Foreign Minister;Francisco de Asís Serrat y Bonastre;1933;1964;FA;Ideological Crusader;High;M10003;X
35004;Minister of Armament;Gérman Gil y Yuste;1933;1964;FA;Infantry Proponent;High;M10004;X
35005;Minister of Security;Miguel Ponte Mansó de Zúñiga;1933;1964;PA;Crime Fighter;High;M10005;X
35006;Head of Military Intelligence;Angel Salas Larrázabal;1933;1964;FA;Political Specialist;High;M10006;X
35007;Chief of Staff;Fidel Dávila Arrondo;1933;1964;FA;School of Psychology;High;M10002;X
35008;Chief of Army;Emilio Mola Vidal;1933;1964;FA;Decisive Battle Doctrine;Very High;M10008;X
35009;Chief of Navy;Francisco Moreno Fernández;1933;1964;FA;Open Seas Doctrine;High;M10009;X
35010;Chief of Air Force;Alfredo Kindelán Duany;1933;1964;PA;Carpet Bombing Doctrine;High;M10010;X
35011;Head of State;Francisco Franco Bahamonde;1933;1964;PA;Stern Imperialist;High;L3426;X
35012;Head of State;Javier de Borbón-Parma;1933;1964;FA;Autocratic Charmer;High;M10034;X
35013;Head of State;Juan III;1941;1964;SC;Benevolent Gentleman;High;M10011;X
35014;Head of State;Alfonso XIII;1933;1964;SC;Insignificant Layman;High;M10039;X
35015;Head of Government;Emilio Mola Vidal;1933;1964;PA;Old General;High;M10008;X
35016;Head of Government;Francisco Franco Bahamonde;1933;1964;PA;Silent Workhorse;High;L3426;X
35017;Head of Government;Tomás Domínguez Arévalo;1937;1964;FA;Happy Amateur;High;M10048;X
35018;Head of Government;Manuel Fal Conde;1941;1964;FA;Political Protege;High;M10049;X
35019;Head of Government;Manuel Hedilla Larrey;1944;1964;FA;Smiling Oilman;High;M10050;X
35020;Head of Government;J.M. Gil-Robles Quiñones;1933;1964;PA;Silent Workhorse;High;M10012;X
35021;Head of Government;Gonzalo Queipo de Llano;1933;1964;ML;Old General;High;M10055;X
35022;Foreign Minister;Francisco Gómez-Jordana y Souza;1933;1964;PA;Biased Intellectual;High;M10057;X
35023;Foreign Minister;Juan Luís Beigbeder Atienza;1939;1964;PA;General Staffer;Medium;M10013;X
35024;Foreign Minister;Ramón Serrano Súñer;1940;1964;PA;Ideological Crusader;Medium;M10059;X
35025;Foreign Minister;José Lequerica y Erquiza;1944;1964;PA;The Cloak N Dagger Schemer;High;M10060;X
35026;Foreign Minister;Alberto M. Artejo-Álvarez;1945;1964;PA;Apologetic Clerk;High;M10061;X
35027;Foreign Minister;Tomás Domínguez Arévalo;1933;1964;FA;Iron Fisted Brute;High;M10048;X
35028;Foreign Minister;Enrique Plá y Deniel;1938;1964;FA;Ideological Crusader;Medium;M10063;X
35029;Foreign Minister;Javier de Borbón-Parma;1933;1964;FA;General Staffer;High;M10034;X
35030;Foreign Minister;Victor Pradera;1943;1964;FA;Ideological Crusader;High;M10066;X
35031;Foreign Minister;Luís Hernando de Larramendi;1946;1964;FA;Biased Intellectual;High;M10067;X
35032;Foreign Minister;Manuel Fal Conde;1947;1964;FA;The Cloak N Dagger Schemer;High;M10049;X
35033;Foreign Minister;J. de Areilza y Martínez-Rodas;1942;1964;FA;Great Compromiser;High;M10071;X
35034;Foreign Minister;José Luís Arrese Magra;1939;1964;FA;Iron Fisted Brute;High;M10072;X
35035;Foreign Minister;Manuel Hedilla Larrey;1946;1964;FA;Biased Intellectual;High;M10050;X
35036;Foreign Minister;Raimundo Fernández Cuesta;1947;1964;FA;The Cloak N Dagger Schemer;High;M10074;X
35037;Foreign Minister;Ramiro de Maeztu;1933;1964;SC;Ideological Crusader;High;M10075;X
35038;Foreign Minister;Francisco de Borbón de la Torre;1941;1964;SC;General Staffer;Medium;M10077;X
35039;Foreign Minister;Jacobo Fitz-James Stuart;1945;1964;SC;Biased Intellectual;Medium;M10080;X
35040;Foreign Minister;José Yanguas Messía;1933;1964;SC;Great Compromiser;High;M11150;X
35041;Foreign Minister;Claudio Sánchez Albornoz;1933;1964;ML;Ideological Crusader;High;M11072;X
35042;Foreign Minister;José Martínez de Velasco;1937;1964;ML;Iron Fisted Brute;Low;M11110;X
35043;Foreign Minister;Luis Luciá Luciá;1938;1964;ML;Biased Intellectual;Low;M11113;X
35044;Foreign Minister;José Ungría Jiménez;1940;1964;FA;General Staffer;High;M10085;X
35045;Foreign Minister;Niceto Alcalá-Zamora;1941;1964;ML;Great Compromiser;High;M11001;X
35046;Foreign Minister;José de Areilza y Martínez-Rodas;1946;1964;ML;The Cloak N Dagger Schemer;High;M10071;X
35047;Minister of Armament;José de Areilza y Martínez-Rodas;1933;1964;PA;laissez-faire capitalist;High;M10071;X
35048;Minister of Armament;Ramón Franco Bahamonde;1937;1964;PA;Air Superiority Proponent;Medium;M10089;X
35049;Minister of Armament;Fidel Dávila Arrondo;1938;1964;PA;Military Entrepreneur;High;M10002;X
35050;Minister of Armament;Nicolás Franco Bahamonde;1933;1964;PA;Battle Fleet Proponent;Very High;M10092;X
35051;Minister of Armament;Joaquin Benjumea Búrin;1941;1964;FA;Resource Industrialist;High;M10093;X
35052;Minister of Armament;José Larraz Lopez;1939;1964;FA;laissez-faire capitalist;High;M11139;X
35053;Minister of Armament;Mariano Ansó;1946;1964;PA;Air to Ground Proponent;Medium;M10096;X
35054;Minister of Armament;Joaquín Bau Nolla;1937;1964;FA;Administrative Genius;Medium;M10095;X
35055;Minister of Armament;Luís Hernando de Larramendi;1939;1964;FA;Resource Industrialist;High;M10067;X
35056;Minister of Armament;José María Lammamié;1945;1964;FA;laissez-faire capitalist;Medium;M10102;X
35057;Minister of Armament;Victor Pradera;1946;1964;FA;Theoretical Scientist;High;M10066;X
35058;Minister of Armament;J.A. Primo de Rivera de Heredia;1933;1964;FA;Resource Industrialist;High;M10036;X
35059;Minister of Armament;Raimundo Fernández Cuesta;1937;1964;FA;laissez-faire capitalist;High;M10105;X
35060;Minister of Armament;Manuel Hedilla Larrey;1938;1964;FA;Military Entrepreneur;High;M10050;X
35061;Minister of Armament;Onésimo Redondo Ortega;1939;1964;FA;Tank Proponent;High;M10107;X
35062;Minister of Armament;Sancho Dávila;1941;1964;FA;Infantry Proponent;Medium;M10109;X
35063;Minister of Armament;Agustín Aznar Guerner;1942;1964;FA;Air to Ground Proponent;Medium;M10110;X
35064;Minister of Armament;José Calvo-Sotelo;1870;1964;PA;laissez-faire capitalist;Very High;M11014;X
35065;Minister of Armament;José Enrique Varela Iglesias;1933;1964;SC;Military Entrepreneur;High;M10014;X
35066;Minister of Armament;Juan March Ordinas;1933;1964;SC;Administrative Genius;High;M10113;X
35067;Minister of Armament;Juan Ignacio Luca de Tena;1939;1964;SC;laissez-faire capitalist;Medium;M10115;X
35068;Minister of Armament;Alfredo Kindelán Duany;1937;1964;PA;Strategic Air Proponent;High;M10010;X
35069;Minister of Armament;Juan Vigón Suerodíaz;1938;1964;SC;Theoretical Scientist;High;M10118;X
35070;Minister of Armament;Francisco de Borbón de la Torre;1938;1964;SC;Tank Proponent;Medium;M10077;X
35071;Minister of Armament;Diego Hidalgo Dúran;1933;1964;ML;Military Entrepreneur;High;M11101;X
35072;Minister of Armament;Emilio Herrera;1941;1964;ML;Air Superiority Proponent;High;M11145;X
35073;Minister of Armament;Joaquín Chapaprieta Torregosa;1942;1964;ML;Resource Industrialist;High;M11155;X
35074;Minister of Armament;José María Gil-Robles Quiñones;1943;1964;ML;Resource Industrialist;High;M10012;X
35075;Minister of Armament;Luis Luciá Luciá;1944;1964;ML;Theoretical Scientist;Low;M11113;X
35076;Minister of Security;Pedro Sáinz Rodríguez;1933;1964;FA;Man of the People;High;M10127;X
35077;Minister of Security;Severiano Martínez Anido;1939;1964;PA;Prince of Terror;Medium;M10128;X
35078;Minister of Security;Dionisio Ridruejo;1938;1964;PA;Back Stabber;Medium;M10129;X
35079;Minister of Security;Blas Pérez González;1942;1964;PA;Silent Lawyer;High;M10130;X
35080;Minister of Security;José Millán Astray;1941;1964;PA;Efficient Sociopath;Medium;M10131;X
35081;Minister of Security;Valentín Galarza Morante;1940;1964;PA;Man of the People;High;M10132;X
35082;Minister of Security;Luis Valdés Cavanillas;1942;1964;PA;Prince of Terror;High;M10134;X
35083;Minister of Security;Tomás Garciano Goñi;1933;1964;PA;Compassionate Gentleman;Medium;M10135;X
35084;Minister of Security;Tomás Domínguez Arévalo;1937;1964;FA;Prince of Terror;High;M10099;X
35085;Minister of Security;Manuel Fal Conde;1942;1964;FA;Man of the People;High;M10049;X
35086;Minister of Security;José María Lammamié;1944;1964;FA;Efficient Sociopath;Medium;M10102;X
35087;Minister of Security;Agustín Aznar Guerner;1933;1964;FA;Back Stabber;Medium;M10110;X
35088;Minister of Security;Ramiro Ledesma Ramos;1938;1964;FA;Silent Lawyer;High;M10069;X
35089;Minister of Security;Pilar Primo de Rivera;1942;1964;FA;Prince of Terror;High;M10037;X
35090;Minister of Security;Raimundo Fernández Cuesta;1945;1964;FA;Man of the People;High;M10074;X
35091;Minister of Security;José Luís Arrese Magra;1946;1964;FA;Crime Fighter;High;M10072;X
35092;Minister of Security;Jacobo Fitz-James Stuart;1933;1964;SC;Compassionate Gentleman;Medium;M10080;X
35093;Minister of Security;José Yanguas Messía;1939;1964;SC;Efficient Sociopath;High;M11150;X
35094;Minister of Security;José Martínez de Velasco;1941;1964;SC;Crime Fighter;Low;M11110;X
35095;Minister of Security;Andrés Saliquet Zumeta;1942;1964;SC;Man of the People;Medium;M10015;X
35096;Minister of Security;Miguel Cabanellas Ferrer;1933;1964;SC;Crime Fighter;High;M10001;X
35097;Minister of Security;Gonzalo Queipo de Llano;1937;1964;ML;Man of the People;High;M10055;X
35098;Minister of Security;Miguel Maura Gamazo;1944;1964;ML;Compassionate Gentleman;High;M11073;X
35099;Head of Military Intelligence;Antonio Barroso Sánchez-Guerra;1939;1964;PA;Logistics Specialist;High;M10159;X
35100;Head of Military Intelligence;Juan Vigón Suerodíaz;1939;1964;PA;Technical Specialist;High;M10118;X
35101;Head of Military Intelligence;José Ungría Jiménez;1933;1964;PA;Industrial Specialist;High;M10085;X
35102;Head of Military Intelligence;Isidro Gomá y Tomás;1933;1964;FA;Dismal Enigma;High;M10065;X
35103;Head of Military Intelligence;Joaquín Bau Nolla;1941;1964;FA;Political Specialist;Medium;M10095;X
35104;Head of Military Intelligence;Luís Hernando de Larramendi;1943;1964;FA;Technical Specialist;High;M10067;X
35105;Head of Military Intelligence;Ricardo de Rada;1937;1964;FA;Logistics Specialist;High;M10166;X
35106;Head of Military Intelligence;Manuel Hedilla Larrey;1933;1964;FA;Political Specialist;High;M10050;X
35107;Head of Military Intelligence;José Luís Arrese Magra;1939;1964;FA;Dismal Enigma;High;M10072;X
35108;Head of Military Intelligence;Dionisio Ridruejo;1942;1964;FA;Technical Specialist;Medium;M10129;X
35109;Head of Military Intelligence;Onésimo Redondo Ortega;1943;1964;FA;Logistics Specialist;High;M10107;X
35110;Head of Military Intelligence;Enrique Plá y Deniel;1933;1964;SC;Political Specialist;Medium;M10063;X
35111;Head of Military Intelligence;Luis Orgaz Yoldi;1933;1964;SC;Logistics Specialist;High;M10016;X
35112;Head of Military Intelligence;Ricardo Samper Ibáñez;1933;1964;ML;Political Specialist;Medium;M11104;X
35113;Head of Military Intelligence;Juan March Ordinas;1939;1964;ML;Dismal Enigma;High;M10113;X
35114;Head of Military Intelligence;Diego Hidalgo Dúran;1940;1964;ML;Logistics Specialist;High;M11101;X
35115;Head of Military Intelligence;Luis Luciá Luciá;1941;1964;ML;Technical Specialist;Low;M11113;X
35116;Head of Military Intelligence;Joaquín Chapaprieta Torregosa;1943;1964;ML;Industrial Specialist;High;M11155;X
35117;Chief of Staff;Francisco Franco Bahamonde;1933;1964;PA;School of Psychology;Very High;L3426;X
35118;Chief of Staff;Juan Yagüe Blanco;1937;1964;PA;School of Manoeuvre;Medium;M10184;X
35119;Chief of Staff;José Enrique Varela Iglesias;1939;1964;PA;School of Fire Support;High;M10014;X
35120;Chief of Staff;Carlos Asensio Cabanillas;1945;1964;PA;School of Mass Combat;High;M10187;X
35121;Chief of Staff;José Sanjurjo Sacanell;1933;1964;FA;School of Psychology;High;M10040;X
35122;Chief of Staff;Emilio Mola Vidal;1933;1964;FA;School of Manoeuvre;High;M10008;X
35123;Chief of Staff;Javier de Borbón-Parma;1939;1964;FA;School of Defence;High;M10034;X
35124;Chief of Staff;Ricardo de Rada;1940;1964;FA;School of Mass Combat;High;M10166;X
35125;Chief of Staff;Agustín Aznar Guerner;1938;1964;FA;School of Psychology;High;M10070;X
35126;Chief of Staff;Agustín Muñoz Grandes;1939;1964;FA;School of Fire Support;High;M10194;X
35127;Chief of Staff;Sancho Dávila;1941;1964;FA;School of Defence;Medium;M10109;X
35128;Chief of Staff;Onésimo Redondo Ortega;1943;1964;FA;School of Mass Combat;High;M10107;X
35129;Chief of Staff;Gonzalo Queipo de Llano;1938;1964;SC;School of Mass Combat;High;M10055;X
35130;Chief of Staff;Joaquin Fanjul Goñi;1943;1964;SC;School of Fire Support;Medium;M10202;X
35131;Chief of Staff;Miguel Cabanellas Ferrer;1938;1964;ML;School of Psychology;High;M10001;X
35132;Chief of Army;Fidel Dávila Arrondo;1933;1964;PA;Static Defence Doctrine;High;M10002;X
35133;Chief of Army;Rafael García Valiño;1939;1964;PA;Decisive Battle Doctrine;High;M10207;X
35134;Chief of Army;Carlos Asensio Cabanillas;1939;1964;PA;Armoured Spearhead Doctrine;High;M10208;X
35135;Chief of Army;Juan Yagüe Blanco;1939;1964;PA;Elastic Defence Doctrine;Medium;M10184;X
35136;Chief of Army;José Enrique Varela Iglesias;1939;1964;PA;Guns and Butter Doctrine;High;M10014;X
35137;Chief of Army;José Sanjurjo Sacanell;1933;1964;FA;Armoured Spearhead Doctrine;High;M10040;X
35138;Chief of Army;Ricardo de Rada;1937;1964;FA;Static Defence Doctrine;High;M10166;X
35139;Chief of Army;Agustín Aznar Guerner;1938;1964;FA;Guns and Butter Doctrine;High;M10070;X
35140;Chief of Army;Agustín Muñoz Grandes;1939;1964;FA;Armoured Spearhead Doctrine;High;M10194;X
35141;Chief of Army;Onésimo Redondo Ortega;1941;1964;FA;Static Defence Doctrine;High;M10107;X
35142;Chief of Army;Sancho Dávila;1941;1964;FA;Decisive Battle Doctrine;Medium;M10109;X
35143;Chief of Army;Antonio Aranda Mata;1942;1964;SC;Static Defence Doctrine;Low;M10018;X
35144;Chief of Army;Miguel Cabanellas Ferrer;1938;1964;ML;Static Defence Doctrine;High;M10001;X
35145;Chief of Army;Gonzalo Queipo de Llano;1939;1964;ML;Guns and Butter Doctrine;High;M10055;X
35146;Chief of Navy;Carlos Bareda Terry;1933;1964;PA;Indirect Approach Doctrine;High;M10229;X
35147;Chief of Navy;Salvador Moreno Fernández;1938;1964;PA;Decisive Naval Battle Doctrine;High;M10230;X
35148;Chief of Navy;Nicolás Franco Bahamonde;1941;1964;PA;Power Projection Doctrine;Very High;M10092;X
35149;Chief of Navy;Luis Carrero Blanco;1944;1964;PA;Base Control Doctrine;High;M10232;X
35150;Chief of Navy;Francisco Reglado Rodríguez;1944;1964;PA;Open Seas Doctrine;High;M10233;X
35151;Chief of Navy;José María Lammamié;1942;1964;FA;Indirect Approach Doctrine;Medium;M10102;X
35152;Chief of Navy;Tomás Domínguez Arévalo;1943;1964;FA;Base Control Doctrine;High;M10048;X
35153;Chief of Navy;J. de Areilza y Martínez-Rodas;1933;1964;FA;Decisive Naval Battle Doctrine;High;M10071;X
35154;Chief of Navy;José Millán Astray;1941;1964;SC;Base Control Doctrine;Medium;M10131;X
35155;Chief of Navy;Ramiro Ledesma Ramos;1943;1964;FA;Open Seas Doctrine;High;M10069;X
35156;Chief of Navy;Francisco Núñez de Olaneta;1933;1964;PA;Base Control Doctrine;High;M10019;X
35157;Chief of Navy;Antonio Azarola Gresillón;1933;1964;ML;Open Seas Doctrine;High;M11009;X
35158;Chief of Navy;Miguel Maura Gamazo;1940;1964;ML;Decisive Naval Battle Doctrine;High;M11073;X
35159;Chief of Air Force;Ramón Franco Bahamonde;1933;1964;PA;Naval Aviation Doctrine;High;M10089;X
35160;Chief of Air Force;Juan Yagüe Blanco;1939;1964;PA;Air Superiority Doctrine;Medium;M10184;X
35161;Chief of Air Force;Eduardo González Gallarza;1944;1964;PA;Vertical Envelopment Doctrine;High;M10250;X
35162;Chief of Air Force;Juan Vigón Suerodíaz;1940;1964;PA;Army Aviation Doctrine;High;M10118;X
35163;Chief of Air Force;J. de Clairac de la Colina;1933;1964;FA;Vertical Envelopment Doctrine;Medium;M10252;X
35164;Chief of Air Force;Tomás Domínguez Arévalo;1941;1964;FA;Air Superiority Doctrine;High;M10048;X
35165;Chief of Air Force;Manuel Fal Conde;1942;1964;FA;Naval Aviation Doctrine;High;M10049;X
35166;Chief of Air Force;José Luís Arrese Magra;1938;1964;FA;Army Aviation Doctrine;High;M10072;X
35167;Chief of Air Force;J. de Areilza y Martínez-Rodas;1941;1964;FA;Carpet Bombing Doctrine;High;M10071;X
35168;Chief of Air Force;Ramiro Ledesma Ramos;1943;1964;FA;Air Superiority Doctrine;High;M10069;X
35169;Chief of Air Force;Francisco Reglado Rodríguez;1945;1964;FA;Naval Aviation Doctrine;High;M10233;X
35170;Chief of Air Force;Juan I.L. de Tena García;1938;1964;SC;Vertical Envelopment Doctrine;Low;M10262;X
35171;Chief of Air Force;Juan Ansaldo Vejarano;1937;1964;SC;Air Superiority Doctrine;High;M10263;X
35172;Chief of Air Force;Andrés Saliquet Zumeta;1933;1964;ML;Naval Aviation Doctrine;High;M10266;X
35173;Chief of Air Force;Emilio Herrera;1938;1964;ML;Army Aviation Doctrine;High;M11145;X
35174;Chief of Air Force;Diego Hidalgo Dúran;1940;1964;ML;Air Superiority Doctrine;High;M11101;X
35175;Chief of Air Force;Rudolf von Moreau;1942;1964;ML;Carpet Bombing Doctrine;High;M10269;X
35176;Chief of Air Force;Camilo Alonso Vega;1944;1964;ML;Vertical Envelopment Doctrine;High;M10270;X
35177;Minister of Armament;Tomás Domínguez Arévalo;1933;1964;PA;Air to Ground Proponent;High;M10271;X
35178;Minister of Armament;Diego Hidalgo Durán;1938;1964;SC;Military Entrepreneur;High;M11101;X
35179;Minister of Security;Tomás Domínguez Arévalo;1933;1964;PA;Prince of Terror;High;M10271;X
35180;Minister of Security;Emilio Mola Vidal;1937;1964;PA;Prince of Terror;Medium;M10008;X
35181;Chief of Army;Francisco Franco Bahamonde;1933;1964;PA;Decisive Battle Doctrine;Very High;L3426;X
35182;Chief of Navy;J. de Clairac de la Colina;1933;1964;FA;Indirect Approach Doctrine;High;M10252;X
35183;Head of State;Emilio Mola Vidal;1933;1964;FA;Resigned Generalissimo;Very High;M10008;X
35184;Head of State;José Sanjurjo Sacanell;1933;1964;PA;Resigned Generalissimo;Very High;M10040;X
35185;Head of State;José Calvo-Sotelo;1870;1964;SC;Insignificant Layman;Very High;M11014;X
35186;Head of Government;José Sanjurjo Sacanell;1933;1964;PA;Old General;Very High;M10040;X
35187;Head of Government;José Antonio Primo de Rivera;1933;1964;FA;Silent Workhorse;Very High;M10036;X
35188;Minister of Security;José Antonio Primo de Rivera;1933;1964;FA;Man of the People;Very High;M10036;X
35189;Foreign Minister;Juan Beigbéder Atienza;1933;1964;PA;Apologetic Clerk;Medium;M10013;X
35190;Chief of Staff;Luís Orgaz Yoldi;1933;1964;PA;School of Defence;Medium;M10016;X
35191;Chief of Navy;Francisco Nunez de Olaneta;1933;1964;PA;Indirect Approach Doctrine;High;M10019;X
35192;Head of State;José Díaz Ramos;1933;1964;ST;Powerhungry Demagogue;High;M10021;X
35193;Head of Government;José Díaz Ramos;1933;1964;ST;Backroom Backstabber;High;M10021;X
35194;Foreign Minister;Julio Álvarez del Vayo;1933;1964;ST;Ideological Crusader;High;M10023;X
35195;Minister of Armament;Enrique Castro Delgado;1933;1964;ST;Infantry Proponent;High;M10024;X
35196;Minister of Security;Santiago Carrillo Solares;1933;1964;LE;Prince of Terror;Very High;M10025;X
35197;Head of Military Intelligence;José Díaz Ramos;1933;1964;LE;Technical Specialist;Medium;M10021;X
35198;Chief of Staff;Miguel Tagüeña Lacorte;1933;1964;LE;School of Manoeuvre;Very High;M10027;X
35199;Chief of Army;Enrique Líster Forján;1933;1964;LE;Decisive Battle Doctrine;Very High;M10028;X
35200;Chief of Navy;Francisco Galán Rodríguez;1933;1964;LE;Open Seas Doctrine;Medium;M10029;X
35201;Chief of Air Force;Ignacio Hidalgo de Cisneros;1933;1964;LE;Air Superiority Doctrine;High;M10030;X
35202;Chief of Air Force;Juan de la Cierva y Codorniú;1914;1933;SC;Vertical Envelopment Doctrine;High;3220;X
35203;Chief of Air Force;Alfredo Kindelán;1914;1933;SC;Air Superiority Doctrine;High;3221;X
35204;Chief of Air Force;Ramón Franco;1920;1933;SD;Carpet Bombing Doctrine;Medium;3222;X
35205;Chief of Air Force;Ignacio Hidalgo de Cisneros;1921;1933;ST;Carpet Bombing Doctrine;High;3223;X
35206;Chief of Air Force;Alberto Bayo;1921;1933;ST;Naval Aviation Doctrine;High;3224;X
35207;Chief of Army;Angel Aznar;1914;1933;SC;Decisive Battle Doctrine;High;3225;X
35208;Chief of Army;Federico Berenguer;1914;1933;PA;Static Defence Doctrine;High;3967;X
35209;Chief of Army;José Millán Astray;1914;1933;PA;Guns and Butter Doctrine;Very High;3226;X
35210;Chief of Army;Joaquín Milans del Bosch;1914;1933;PA;Static Defence Doctrine;High;3968;X
35211;Chief of Army;Francisco Franco;1923;1933;PA;Decisive Battle Doctrine;High;3227;X
35212;Chief of Army;José Aranguren;1914;1933;SD;Static Defence Doctrine;High;3969;X
35213;Chief of Army;Francisco Llano de la Encomienda;1920;1933;SD;Elastic Defence Doctrine;High;3228;X
35214;Chief of Army;Eduardo López Ochoa;1914;1933;SL;Decisive Battle Doctrine;Medium;3229;X
35215;Chief of Army;Gonzalo Queipo de Llano;1923;1933;SL;Armoured Spearhead Doctrine;Medium;3230;X
35216;Chief of Army;Fermín Galán;1914;1933;LWR;Guns and Butter Doctrine;Low;3231;X
35217;Chief of Army;Antonio García Hernández;1914;1933;LWR;Static Defence Doctrine;Medium;3232;X
35218;Chief of Army;José Castillo;1920;1933;LE;Decisive Battle Doctrine;High;3233;X
35219;Chief of Army;Julián Ruíz;1921;1933;ST;Static Defence Doctrine;Medium;unknown;X
35220;Chief of Army;Enrique Castro;1921;1933;ST;Guns and Butter Doctrine;High;3234;X
35221;Chief of Army;Francisco Galán;1921;1933;ST;Decisive Battle Doctrine;Medium;3235;X
35222;Chief of Army;Ricardo Serrador;1914;1933;PA;Elastic Defence Doctrine;Medium;3236;X
35223;Chief of Army;Lucas Puente;1914;1933;PA;Guns and Butter Doctrine;Medium;unknown;X
35224;Chief of Army;Agustín de Luque;1905;1933;ML;Guns and Butter Doctrine;High;unknown;X
35225;Chief of Navy;Augusto Miranda;1913;1933;SC;Indirect Approach Doctrine;High;3237;X
35226;Chief of Navy;Manuel de Florez;1917;1933;SC;Base Control Doctrine;High;unknown;X
35227;Chief of Navy;Amalio Gimeno;1914;1933;SC;Power Projection Doctrine;High;3238;X
35228;Chief of Navy;José Pidal;1914;1933;ML;Base Control Doctrine;High;unknown;X
35229;Chief of Navy;José María Chacón;1914;1933;ML;Decisive Naval Battle Doctrine;High;unknown;X
35230;Chief of Navy;Eduardo Dato;1920;1933;SC;Power Projection Doctrine;Very High;3239;X
35231;Chief of Navy;Joaquín Fernández;1921;1933;SC;Open Seas Doctrine;High;3970;X
35232;Chief of Navy;José Gómez-Acebo;1921;1933;SC;Indirect Approach Doctrine;High;unknown;X
35233;Chief of Navy;Mariano Ordoñez;1921;1933;SC;Base Control Doctrine;Medium;unknown;X
35234;Chief of Navy;José Rivera;1922;1933;SC;Power Projection Doctrine;Very High;M10036;X
35235;Chief of Navy;Luis Silvela;1922;1933;ML;Indirect Approach Doctrine;High;3971;X
35236;Chief of Navy;Antonio Magaz;1914;1933;PA;Open Seas Doctrine;High;unknown;X
35237;Chief of Navy;Honorio Cornejo;1914;1933;PA;Decisive Naval Battle Doctrine;High;unknown;X
35238;Chief of Navy;Mateo García de los Reyes;1914;1933;PA;Base Control Doctrine;High;3240;X
35239;Chief of Navy;José Giral;1924;1933;SD;Base Control Doctrine;High;3241;X
35240;Chief of Navy;José Pidal;1911;1933;SC;Power Projection Doctrine;Very High;unknown;X
35241;Chief of Staff;Ramón Echagüe;1913;1933;SC;School of Defence;High;3242;X
35242;Chief of Staff;Francisco Aguilera;1914;1933;SL;School of Manoeuvre;High;3243;X
35243;Chief of Staff;Fernando Primo de Rivera;1914;1933;SC;School of Manoeuvre;High;3244;X
35244;Chief of Staff;José Marina;1917;1933;SC;School of Defence;High;unknown;X
35245;Chief of Staff;Juan de la Cierva y Peñafiel;1917;1933;SC;School of Manoeuvre;High;3245;X
35246;Chief of Staff;Dámaso Berenguer;1914;1933;PA;School of Defence;High;3246;X
35247;Chief of Staff;Diego Muñoz Cobo;1918;1933;PA;School of Psychology;High;unknown;X
35248;Chief of Staff;Luis Santiago;1918;1933;SC;School of Manoeuvre;High;unknown;X
35249;Chief of Staff;Antonio Tovar;1914;1933;SC;School of Manoeuvre;High;3972;X
35250;Chief of Staff;José Villalba;1914;1933;SC;School of Defence;High;3247;X
35251;Chief of Staff;Luis Marichalar;1914;1933;SC;School of Psychology;High;3973;X
35252;Chief of Staff;José Olaguer;1922;1933;ML;School of Defence;High;unknown;X
35253;Chief of Staff;Niceto Alcalá-Zamora;1920;1933;ML;School of Psychology;Medium;3248;X
35254;Chief of Staff;Luis Aizpuru;1922;1933;ML;School of Defence;Medium;unknown;X
35255;Chief of Staff;Juan O'Donnell;1914;1933;PA;School of Defence;High;unknown;X
35256;Chief of Staff;Domingo Batet;1914;1933;SD;School of Defence;High;3249;X
35257;Chief of Staff;Luis Castelló;1914;1933;SD;School of Manoeuvre;Medium;3250;X
35258;Chief of Staff;Isidro Liarte;1914;1933;LE;School of Defence;Medium;3251;X
35259;Chief of Staff;José Sanjurjo;1914;1933;PA;School of Manoeuvre;High;3252;X
35260;Chief of Staff;Agustín de Luque;1905;1933;ML;School of Psychology;High;unknown;X
35261;Foreign Minister;Salvador Bermúdez de Castro;1914;1933;SC;Great Compromiser;High;3253;X
35262;Foreign Minister;Miguel Villanueva;1914;1932;ML;Great Compromiser;High;3287;X
35263;Foreign Minister;Juan Alvarado del Sánz;1914;1933;SC;Great Compromiser;High;unknown;X
35264;Foreign Minister;Eduardo Dato;1914;1933;SC;Apologetic Clerk;High;3239;X
35265;Foreign Minister;Álvaro de Figueroa;1914;1933;ML;Ideological Crusader;High;3254;X
35266;Foreign Minister;Francisco Bergamín;1914;1933;SC;Ideological Crusader;High;3255;X
35267;Foreign Minister;Manuel González;1914;1933;SC;Great Compromiser;High;3256;X
35268;Foreign Minister;Santiago Alba;1914;1933;SL;Biased Intellectual;High;3257;X
35269;Foreign Minister;Joaquín Fernández;1914;1933;SC;Ideological Crusader;High;3970;X
35270;Foreign Minister;Amalio Gimeno;1916;1933;SC;Ideological Crusader;High;3238;X
35271;Foreign Minister;Vicente Blasco Ibañez;1914;1933;SD;Ideological Crusader;High;3258;X
35272;Foreign Minister;Juan José Domenchina;1924;1933;SD;Ideological Crusader;High;3974;X
35273;Foreign Minister;Luis de Zulueta;1914;1933;SD;Biased Intellectual;High;3259;X
35274;Foreign Minister;Miguel Primo de Rivera;1919;1933;PA;General Staffer;Medium;3260;X
35275;Foreign Minister;José Yanguas;1919;1933;PA;Biased Intellectual;High;M11150;X
35276;Foreign Minister;Francisco Gómez-Jordana;1914;1933;PA;Biased Intellectual;High;3261;X
35277;Foreign Minister;Fernando de los Ríos;1914;1933;LE;Great Compromiser;Medium;3262;X
35278;Foreign Minister;Julio Álvarez del Vayo;1916;1933;LE;Ideological Crusader;High;3263;X
35279;Foreign Minister;Daniel Anguiano;1921;1933;ST;Ideological Crusader;High;3264;X
35280;Foreign Minister;Dolores Ibarruri;1921;1933;ST;Ideological Crusader;Very High;3265;X
35281;Foreign Minister;Tomás Rodríguez Arévalo;1914;1933;PA;Iron Fisted Brute;High;3266;X
35282;Foreign Minister;Enrique de Aguilera;1914;1933;PA;Ideological Crusader;High;3267;X
35283;Foreign Minister;Manuel Mariátegui;1903;1933;SL;Biased Intellectual;High;3975;X
35284;Foreign Minister;Juan Pérez Caballero;1905;1933;SC;Ideological Crusader;High;3976;X
35285;Foreign Minister;Manuel Allendesalazar;1907;1933;SD;Ideological Crusader;High;3977;X
35286;Foreign Minister;Manuel García Prieto;1910;1933;SD;Ideological Crusader;High;3269;X
35287;Head of Government;Eduardo Dato;1913;1933;SC;Naive Optimist;High;3239;X
35288;Head of Government;Álvaro de Figueroa;1914;1933;ML;Silent Workhorse;High;3254;X
35289;Head of Government;Antonio Maura;1903;1933;SC;Flamboyant Tough Guy;High;3268;X
35290;Head of Government;Manuel García Prieto;1905;1933;ML;Flamboyant Tough Guy;Very High;3269;X
35291;Head of Government;Joaquín Sánchez de Toca;1900;1933;SC;Silent Workhorse;High;3270;X
35292;Head of Government;Manuel Allende de Salazar;1914;1933;SC;Smiling Oilman;Medium;3271;X
35293;Head of Government;José Sánchez Guerra;1904;1933;SC;Backroom Backstabber;Medium;3272;X
35294;Head of Government;Melquiades Álvarez;1914;1933;SD;Silent Workhorse;High;3273;X
35295;Head of Government;Manuel Azaña;1924;1933;SD;Flamboyant Tough Guy;High;3274;X
35296;Head of Government;Miguel Primo de Rivera;1919;1933;PA;Old General;Low;3260;X
35297;Head of Government;Dámaso Berenguer;1914;1933;PA;Old General;Medium;3246;X
35298;Head of Government;Juan Bautista Aznar;1923;1933;PA;Old Admiral;Very High;3275;X
35299;Head of Government;Antonio García Quejido;1914;1933;LE;Ambitious Union Boss;Low;3276;X
35300;Head of Government;Julián Besteiro;1916;1933;LE;Political Protege;High;3277;X
35301;Head of Government;Francisco Largo Caballero;1920;1933;LE;Ambitious Union Boss;Medium;M11039;X
35302;Head of Government;Indalecio Prieto;1920;1933;LWR;Flamboyant Tough Guy;High;M11065;X
35303;Head of Government;Antonio García Quejido;1921;1933;ST;Ambitious Union Boss;Medium;3276;X
35304;Head of Government;Ramón Lamoneda;1921;1933;ST;Backroom Backstabber;Medium;3278;X
35305;Head of Government;Juan Vázquez de Mella;1914;1933;PA;Backroom Backstabber;Low;3279;X
35306;Head of Government;Enrique de Aguilera;1914;1933;PA;Naive Optimist;Medium;3267;X
35307;Head of Government;Luis Hernando de Larramendi;1919;1933;PA;Political Protege;High;3280;X
35308;Head of Government;José de Selva;1921;1933;PA;Naive Optimist;High;unknown;X
35309;Head of Government;Antonio Maura y Montaner;1903;1933;SC;Backroom Backstabber;Medium;3978;X
35310;Head of State;Alfonso XIII;1914;1933;SC;Benevolent Gentleman;Very High;3281;X
35311;Head of State;Alejandro Lerroux;1914;1933;SD;powerhungry demagogue;Medium;3282;X
35312;Head of State;Manuel Azaña;1924;1933;SD;Autocratic Charmer;High;3274;X
35313;Head of State;Pablo Iglesias;1914;1933;LE;Benevolent Gentleman;Very High;3283;X
35314;Head of State;Julián Besteiro;1916;1933;LE;Die-hard Reformer;Very High;3277;X
35315;Head of State;Antonio García Quejido;1914;1933;LE;Die-hard Reformer;Low;3276;X
35316;Head of State;Antonio García Quejido;1921;1933;ST;Die-hard Reformer;Medium;3276;X
35317;Head of State;Ramón Lamoneda;1921;1933;ST;Popular Figurehead;Medium;3278;X
35318;Minister of Armament;Gabino Bugallal;1914;1933;SC;laissez-faire capitalist;High;3284;X
35319;Minister of Armament;Félix Suarez-Inclán;1914;1933;ML;laissez-faire capitalist;High;3285;X
35320;Minister of Armament;Angel Urzais;1914;1933;ML;Corrupt Kleptocrat;High;unknown;X
35321;Minister of Armament;Santiago Alba;1917;1933;SL;Resource Industrialist;High;3257;X
35322;Minister of Armament;Juan Ventosa;1917;1933;ML;Administrative Genius;High;3979;X
35323;Minister of Armament;José Caralt;1914;1933;SC;laissez-faire capitalist;High;3980;X
35324;Minister of Armament;Juan de la Cierva y Peñafiel;1914;1933;SC;Administrative Genius;High;3245;X
35325;Minister of Armament;Lorenzo Domínguez;1914;1933;SC;Resource Industrialist;High;3286;X
35326;Minister of Armament;Fermin Calbeton;1920;1933;SC;Administrative Genius;High;3981;X
35327;Minister of Armament;Manuel Argüelles;1914;1933;SC;laissez-faire capitalist;High;unknown;X
35328;Minister of Armament;Miguel Villanueva;1914;1932;ML;Resource Industrialist;High;3287;X
35329;Minister of Armament;José Manuel Pedregal;1914;1933;SC;Administrative Genius;High;3288;X
35330;Minister of Armament;Mariano Ordoñez;1921;1933;SC;laissez-faire capitalist;High;unknown;X
35331;Minister of Armament;Augusto González Besada;1914;1933;SC;Resource Industrialist;High;3982;X
35332;Minister of Armament;Francisco Cambó;1916;1933;ML;Resource Industrialist;Medium;3289;X
35333;Minister of Armament;Francisco Bergamín;1914;1933;SC;laissez-faire capitalist;High;3255;X
35334;Minister of Armament;Juan José Ruano;1922;1933;SC;laissez-faire capitalist;Medium;unknown;X
35335;Minister of Armament;Antonio Mayandía;1914;1933;PA;Theoretical Scientist;High;3290;X
35336;Minister of Armament;José Calvo Sotelo;1919;1933;PA;Administrative Genius;High;3291;X
35337;Minister of Armament;Francisco Moreno Fernández;1919;1933;PA;Battle Fleet Proponent;Very High;M10009;X
35338;Minister of Armament;Marcelino Domingo;1914;1933;SD;laissez-faire capitalist;High;3292;X
35339;Minister of Armament;Germán Bernacer;1914;1933;SD;Administrative Genius;High;3293;X
35340;Minister of Armament;Vicente Barrio;1914;1933;LE;Resource Industrialist;Very High;unknown;X
35341;Minister of Armament;José Maeso;1916;1933;LE;laissez-faire capitalist;Very High;unknown;X
35342;Minister of Armament;Daniel Anguiniano;1918;1933;LE;Resource Industrialist;High;3264;X
35343;Minister of Armament;Luis Fernández;1922;1933;LE;Theoretical Scientist;High;unknown;X
35344;Minister of Armament;Marcelino Magdalena;1921;1933;ST;Resource Industrialist;Medium;unknown;X
35345;Minister of Armament;Facundo Perezagua;1921;1933;ST;Resource Industrialist;Medium;3294;X
35346;Minister of Security;José Sánchez Guerra;1914;1933;SC;Crime Fighter;High;3272;X
35347;Minister of Security;Santiago Alba;1914;1933;ML;Compassionate Gentleman;High;3257;X
35348;Minister of Security;Joaquín Ruiz;1914;1933;ML;Man of the People;High;unknown;X
35349;Minister of Security;Julio Burell;1914;1933;ML;Efficient Sociopath;High;unknown;X
35350;Minister of Security;José Sánchez Guerra;1914;1933;ML;Compassionate Gentleman;High;3272;X
35351;Minister of Security;Manuel García Prieto;1918;1933;ML;Crime Fighter;High;3269;X
35352;Minister of Security;Luis Silvela;1918;1933;ML;Crooked Kleptocrat;High;3971;X
35353;Minister of Security;Amalio Gimeno;1914;1933;SC;Silent Lawyer;High;3238;X
35354;Minister of Security;Antonio Goicoechea;1914;1933;SC;Crime Fighter;High;3295;X
35355;Minister of Security;Francisco Bergamín;1914;1933;SC;Silent Lawyer;High;3255;X
35356;Minister of Security;Manuel de Burgos;1914;1933;SC;Compassionate Gentleman;High;3296;X
35357;Minister of Security;Joaquín Fernández;1914;1933;SC;Silent Lawyer;High;3970;X
35358;Minister of Security;Gabino Bugallal;1919;1933;SC;Crime Fighter;High;3284;X
35359;Minister of Security;Rafael Coelho de Portugal;1920;1933;SC;Prince of Terror;High;unknown;X
35360;Minister of Security;Pio Vicente de Piniés;1921;1933;SC;Silent Lawyer;High;3983;X
35361;Minister of Security;Martín Rosales;1923;1933;ML;Silent Lawyer;High;unknown;X
35362;Minister of Security;Severiano Martínez Anido;1914;1933;PA;Prince of Terror;Very High;3297;X
35363;Minister of Security;José Cavalcanti de Albuquerque;1914;1933;PA;Crime Fighter;High;3984;X
35364;Minister of Security;Manuel Valle-Inclán;1914;1933;SD;Efficient Sociopath;Medium;3298;X
35365;Minister of Security;Luis de Tapia;1914;1933;SD;Man of the People;Medium;unknown;X
35366;Minister of Security;Mariano Ruíz-Funes;1924;1933;SD;Prince of Terror;High;3299;X
35367;Minister of Security;Manuel Ciges;1924;1933;SD;Crime Fighter;High;3985;X
35368;Minister of Security;Carmen de Burgos;1914;1933;SD;Man of the People;Medium;3300;X
35369;Minister of Security;Augusto Barcia;1914;1933;SD;Efficient Sociopath;Medium;3301;X
35370;Minister of Security;Luis Jimenez de Asua;1914;1933;LE;Man of the People;High;3302;X
35371;Minister of Security;Wenceslao Carrillo;1914;1933;LE;Prince of Terror;High;3303;X
35372;Minister of Security;Victoria Kent;1921;1933;ST;Man of the People;High;3304;X
35373;Minister of Security;Andreu Nin;1921;1933;ST;Compassionate Gentleman;High;3305;X
35374;Minister of Security;Victor Pradera;1914;1933;PA;Crime Fighter;High;3306;X
35375;Minister of Security;Ignacio Baleztena;1914;1933;PA;Efficient Sociopath;High;3307;X
35376;Minister of Security;Dolores Baleztena;1914;1933;PA;Man of the People;High;3986;X
35377;Minister of Security;Eduardo Dato;1914;1933;SC;Efficient Sociopath;High;3239;X
35378;Minister of Security;Álvaro de Figueroa;1905;1933;ML;Crooked Kleptocrat;High;3254;X
35379;Minister of Security;Juan de la Cierva;1907;1933;SC;Silent Lawyer;High;3220;X
35380;Minister of Security;Fernando Merino;1911;1933;SC;Crime Fighter;High;unknown;X
35381;Chief of Staff;Emilio Esteban Infantes;1944;1964;PA;School of Defence;High;6080;x 
35382;Head of state;Juan Carlos I;1960;1964;SC;Popular Figurehead;Very High;6081;x 
